"ID","字段族","字段键","中文标签","差异类型","页面链","真实DTO与DB源","持久化事实","权限与历史合同","建议文件范围","有意义验收","状态"
"INV-01","库存关联范围","warehouseId/colorId/colorNull/includeDefective/includeLineSide","查询范围","范围丢失","库存列表→详情→余额→流水→KPI","现有InstantInventoryScope/StockLedgerQuery；StockQueryService/StockLedgerQueryService","不存新事实；URL/查询参数","stock:view；叶仓精确/父仓与全部核算仓语义保留","route_names/app_router/stock_item_detail_page/goods_stock_ledger_panel/stock_query_repository/StockQueryService/StockLedgerQueryService/WarehouseInsightService","普通/不良/线边/非核算仓×无色/双色×父仓分页；刷新和返回范围一致","源码确认；待运行"
"INV-02","库存说明","model","型号","DTO/只读展示缺失","详情信息区/余额弹层/货品库存","goods.model；Goods实体69；InstantInventoryRow/StockQueryService458","主档已存；不是历史快照","stock:view投影；不扩大goods:view","GoodsDictItem/master_name_provider或stock授权投影；共享货品说明组件","主档有值/空值/改名；stock:view无goods:view；不能N+1","源码确认；待实施"
"INV-03","库存说明","cNumber","客户型号（主档）","DTO/只读展示缺失","同上","goods.c_number；Goods252；StockQueryService458","已存；不等同clientModel","当前主档资料；不得伪装客户文件历史","同INV-02","cNumber与clientModel不同值并存","源码确认；待实施"
"INV-04","库存说明","spec","规格","DTO/只读展示缺失","同上","goods.spec；Goods70；StockQueryService458","已存","同INV-02","同INV-02","长规格/空值/主档改动不覆写历史","源码确认；待实施"
"INV-05","库存说明","category","所属类型","DTO/只读展示缺失","同上","goods.category_id→material_categories.name；StockQueryService457,530","已存关联","当前分类；旧单据分类历史未必存","同INV-02","分类改名/删除或无权","源码确认；待实施"
"INV-06","库存说明","remark（建议说明goodsRemark）","货品备注","DTO/只读展示缺失","同上","goods.paper；StockQueryService459","已存；区别单头/行remark","现有只读资料","同INV-02","主档/单头/行备注三值不混","源码确认；待实施"
"INV-07","库存指标","qty/weight/pendingQty/pendingStockInQty/moreQty","实存/库存重量/待检/合格待入库/多排","口径标记和关联范围","详情KPI","stock_balances；procurement_inspection_items；production_plan_items；StockQueryService539-561","现余额+业务状态投影已存/派生；不新增余额","costMasked；未知重量不作0；多排是跨仓计划范围","StockQueryService/WarehouseInsightService/GoodsStockKpiStrip","待检不算可发；多排独立标范围；未知/估算/零重量","源码确认；待实施"
"INV-08","库存权限","costMasked/amountLocal","成本可见性","Dart未保留mask标识","BalanceRow未来成本显示","Java BalanceRow.costMasked；StockCostMasker；Dart stock_query.dart","后端已掩码；当前余额表未显示成本","无价权null不能视0或公式泄漏","stock_query.dart及新增展示","stock:view无成本权，公式/导出不得还原","源码确认；仅新增成本展示时须落实"
"SALE-01","销售","model/cNumber/spec/category/goodsRemark","型号/主档客户型号/规格/类型/货品备注","共用说明缺列","新建/本地草稿/正式编辑/详情","GoodsOption窄模型+goods主档","主档已存；不复制成订单历史","sales可读且货品投影授权；clientModel原文独立","sales_grid_columns/sales_doc_detail_page/公共投影","同goods多来源；客户原文不同；权限与旧草稿","源码确认；范围建议"
"SALE-02","销售","clientModel/clientGoodsName/clientPrice","文件型号/文件品名/文件单价","现有修复应保留","报价/订货编辑与详情","SalesGridRow.codec；sales_order_items.client_model/client_goods_name/client_price","草稿/正式已存","价格mask；客户原文快照","不要覆盖main sales_doc_edit_page3525、registry revealPopulated","已有值+旧隐藏偏好须可见；没有值可保持用户偏好","源码已有；未重跑"
"PUR-01","采购","remark","行备注","正式详情缺列","订单编辑→本地草稿→正式详情","PurchaseGridRow.text/codec；PurchaseDocItem.remark；purchase_order_items.remark","已存；提交1273","按本单可读；不取头备注/goods.paper","purchase_doc_detail_page及条件配置","双行不同备注/换行/空值；草稿恢复和详情一一对应","源码确认；待实施"
"PUR-02","采购","source/sourceRequests","申请来源/来源申请","同族key不一致","订货编辑/详情","PurchaseGridRow.sourceDocs/requestItemId；PurchaseDocItem.sourceRequests","来源关系已存","跳转仍检查源单可读；无ID仅原文","purchase工厂/registry限定订货alias","两申请合并一行；旧无ID；列配置跨页面","源码确认；待实施"
"SUB-01","委外","sourceApplications（建议canonical）","来源申请","编辑/恢复页缺列","订货编辑/草稿→详情","SubcontractGridRow.sourceDocs；SubcontractDocItem.sourceApplications；上游applicationItemIds关联","codec已存；正式源关系已存","源单可读；不能按单号猜ID","subcontract_grid_columns/subcontract_order_edit_page/registry","多申请合并行；所有源单号都在；草稿重开不丢","源码确认；待实施"
"SUB-02","委外","remark","行备注","正式详情缺列","各支持行备注模式","SubcontractDocItem.remark；subcontract_*_items.remark","已存","本单权限/原文；不替换单头备注","subcontract_doc_detail_page","各docType按实际字段合同，非空值可回看","源码确认；待实施"
"SUB-03","委外","girth/girthQty","围数","正式详情缺列/key需限定统一","receipt/return/materialReturn","SubcontractDocItem.girthQty；subcontract_receipt_items/return_items/material_return_items.girth_qty","已存；codec保留","历史数值；不可按现BOM重算","subcontract_doc_detail_page/registry scoped alias","同一草稿输入→正式→详情原量及单位；其他类型不出现","源码确认；待实施"
"SUB-04","委外","boxQty","胶箱数","正式详情缺列","materialIssue","SubcontractDocItem.boxQty；subcontract_material_issue_items.box_qty；MaterialIssueItemDto54","已存","老源空值保持未知不填0","subcontract_doc_detail_page","有值/空值/0语义；权限及历史","源码确认；待实施"
"SUB-05","委外","standardQty/endingQty/wasteRate/cause","标准用量/结存数/损耗率/原因","详情缺前两数值，后两合并","waste","SubcontractGridRow；SubcontractDocItem；subcontract_waste_items对应列","codec与提交已有；持久化值","不得现BOM覆盖冻结值","subcontract_doc_detail_page/条件列","四字段独立配置与原值核对，不拼接丢筛选","源码确认；待实施"
"PROD-01","生产计划","clientName/orderDate/outboundDate","客户/订单日期/交货日期","编辑读入但无列","服务端草稿计划编辑","ProductionPlanItem DTO；production_plan_items.client_name/order_date/outbound_date","已存；编辑load216-219","来源只读；不作为可随意修改的订单事实","production_grid_columns","多来源/手工计划空源；旧计划可读","源码确认；建议只读列"
"PROD-02","生产计划","localDraft","本机未提交草稿","能力未接入不是codec丢字段","ProductionPlanEditPage","页面无FormDraftMixin；draft_workspace_sources323列服务端草稿","服务端草稿已有；本地保护另需设计","权限/来源和本地身份fence","另立本地保护小包，不借表头补丁偷改提交","离开恢复/旧schema/正式已提交与复制","源码确认；另阶段"
"PROD-03","生产日报","platformFields/localRowId","逐产品扩展字段","位置映射可错绑/阻断","本地草稿动态子行恢复","FormDraftMixin444-461；daily edit214,355,384,1292","扩展值已有存储但缺稳定本地产品身份","子行只读；未知提交fence不能破坏","Mixin显式行映射+日报产品codec；等待并行21冻结","空扩展子行增减；同数B→C不能串；createdReportId真实ID；旧无身份不猜","3条真实Mixin目标断言均红；尚未修复，非完整日报页面E2E"
"PROD-04","生产日报","remark","行备注","正式详情缺列","日报编辑→正式详情","DailyReportItemDto43；ProductionDailyReportItem174；Flutter模型198","已存","每次产出拆分行采用原存remark；不拼新解释","production_daily_report_detail_page","多产出去向拆分的行备注一致且不覆盖routeNote","源码确认；待实施"
"FIN-01","财务","department/dept→department","部门","编辑裸UUID/详情错查客户/key不一","expense/otherIncome","FinanceDocItem.departmentId；FinanceExpenseItemDto；finance_expense_items/finance_other_income_items.department_id","已存UUID；codec241/350保留","部门名称当前主档；无历史名快照别伪造","finance_grid_columns/finance_doc_detail_page/registry scoped alias","部门名≠同UUID客户名；重名/孤儿/旧配置；只改显示不改UUID","源码确认；待实施"
"FIN-02","财务","appliedBillNo/bill→appliedBillNo","应收/应付单号","同族key不一","settle编辑/详情","FinanceGridRow.appliedBillNo/FinanceDocItem.appliedBillNo；核销来源记录","已有","无源单权不扩大跳转；原历史来源","registry限定财务alias或统一工厂","编辑隐藏/宽度/固定→详情→重开一致","源码确认；待实施"
"FIN-03","财务","balanceOriginal/balanceBeforeOriginal/amountOriginal","可收/提交前余额/原币金额","已有alias和快照不应误并","收款编辑/正式详情","AR当前事实与FinanceDocItem已提交快照","已存；manual codec与Mixin平台存储齐全","历史不同版本金额口径保留","保留现alias与exact decimal；不重写金额算法","旧新版本、无价权、当前AR已变不覆盖历史","源码已有；未重跑"
"WH-01","仓库","code/goodsCode→goodsCode","编号","同族key不一","warehouse.*.items编辑/详情","StockGridRow.goodsCode；GoodsDictEntry.code/stock item goodsId","主档已存；本地展示字段codec保留","只读主档","stock_grid_columns或registry仓库alias","旧code列配置移到goodsCode；宽度/固定/隐藏保留","源码确认；待实施"
"WH-02","仓库","weight/countWeight/bookWeight","实称/实盘/账面重量","已有主目录改动应保留","本地草稿/正式盘点与入出","WeightEntryDraft kg、qtyDerived；stock item重量快照","codec已存/恢复；未知值不0","单位偏好变更不改kg；账面只读核验","不覆盖warehouse_form_draft_codec/stock编辑新改","kg/g/斤跨偏好；数量黄标；估算；来源ID不丢","源码已有；未重跑"
"PENDING-01","未深审","各族","报销/主档/员工/工资/资产/研发等","未逐项深审","17 CSV余下调用点","需逐页追DTO/DB/权限/历史","未作结论","不可将246调用点当全部通过","由root后续分包","新建→本地草稿→正式→历史/导出","待复核"
