"模块","承接步骤","数量金额真源","来源身份","版本并发","幂等","反向恢复","对象权限","动作资格","审计","主档引用","草稿与失败恢复","列表报表对账","性能与资源","归档备份","备注"
"销售报价客户与模板学习","R1.05 / R2 / R3 / R6.02","部分解决:金额服务端派生已有；阶段/预留计数仍多路径(10:correctness-stability-02/03/05)","源码已有:SalesOrderService订单行与预留来源；AI学习回执绑定doc/actor/source，需反向验证","待逐动作必填核验:OptimisticLocks可空不代表本域全失效(R1.01)","部分覆盖:日报式结果未知不能自动代表销售；销售批出库逐单回执待R1.05","待运行:出货/退货/订单改量与金额/预留镜像(R3.02)","源码已有公共DocumentAccessPolicy；销售全部写/导出需多身份回归(R6.02)","部分覆盖:销售模型allowedActions与本地阶段函数并存(R2.01)","已追链(未运行):SalesOrderController.detail:139-144先service授权读取再AuditDetailViewRecorder；写经UserOperationAuditInterceptor:100-118，sales头明细V670:458-462登记；AI私有证据另保留","源码已有SalesMasterReferenceValidator+MasterReferenceCatalog，需新模板/成本引用核对","源码已有FormDraftMixin和附件pending流程；本域创建后身份/失败恢复待R2.05","已追链(未运行):SalesReportService.detail:254-275路由订单/出货/退货事实，:248-249应用相同owner scope，monthly读sales_monthly_mv；验收需同过滤/币种/已审状态/撤回后的列表与总账一致","已追链(未运行):详情:457→:499-504补名称；月报MV定时全量；批销售出库详情Future.wait见09:E09；先测试请求有界/来源正确后优化","源码已有销售学习证据到retry_until清理；正式单据/模板原件保全待R4","R0静态入口/守卫/写入或回执链已定位，未进行本轮业务运行验收；找到实现不等于所有调用覆盖。旧239基线d1bbfb7f，候选V761未验收；完整路径、公共根因包和12链合同见14。"
"采购","R1.06 / R2 / R3","源码已有MoneyPolicy/ProcurementReceiptConsideration；采购结案无差异UPDATE仍存(10:perf-warehouse-quality-07)","源码已有收货-IQC-passEvent-stockIn明确关联；需拆单/退换/短交回归(R1.06)","待逐动作必填核验:采购编辑/财审/收货/IQC版本合同(R1.01)","源码已有IQC confirmCommands锁幂等键；采购其它命令待登记","待运行:采购收退/贷项/付款反向来源与原币本币守恒(R3.02)","已追链(未运行):PurchaseOrderService.update/delete/cancel/reverse:478-576,701-707都叠加动作码+maker scope；列表/报表独立查询范围仍须同身份HTTP对照","已追链(未运行):PurchaseOrderService:1466-1484按DRAFT和productionLinked派生canEdit；财审锁/来源占用控制修改，不能只看前端权限显隐","已追链(未运行):PurchaseOrderController.detail:78-81在已授权detail后记敏感查看；采购表V670:464起登记，写操作由公共拦截器按动作记录","已追链(未运行):PurchaseOrderService:618/646校结算方式和linked来源；MasterReferenceCatalog:100-107登记请购/订货/收退主档引用；同事务改量下游约束需回归","已追链(未运行):purchase_doc_edit_page:111/374/699-705接FormDraftMixin→runSubmission→创建checkpoint→完成；创建丢响应/附件失败不能新建重复单","源码已有历史日期门控，月报仍MV全量刷新；正确性需逐单事实核对","部分优化:IQC集合预锁/批回读已有，confirmOne和逐订单行结案仍在(R1.06)","当前合同缺口:正式订单/收退/检验/应付来源在PG整体备份；仅可把结清且无下游活动引用作为归档候选，未定位到本域独立归档worker；R4/R5需冻结/恢复读验证","R0静态入口/守卫/写入或回执链已定位，未进行本轮业务运行验收；找到实现不等于所有调用覆盖。旧239基线d1bbfb7f，候选V761未验收；完整路径、公共根因包和12链合同见14。"
"委外","R1.05-R1.06 / R2 / R3","部分解决:共享采购财务口径，允许损耗/加工/子件单位为独有合同(R3.01/02)","源码已有精确子件权益和重量，不能因表相似合并掉来源(09:E10)","待逐动作核验:订单/发料/回厂/索赔的所见版本及预锁(R1.01)","部分覆盖:委外批出库仍逐单首错停止，R1.05服务端编排保留已成功项","待运行:发料/回厂/损耗结清/退回的对称恢复与归属(R3)","已追链(未运行):SubcontractOrderService.detail:314-317、update/delete/reverse:539-589/1037-1043动作+maker scope；发料/回厂另按仓库与来源权限，不以订单权限替代","已追链(未运行):SubcontractOrderService:1898-1915派生canEdit并区分productionLinked；允许损耗/短交有独立业务动作，不应合为普通采购编辑","已追链(未运行):SubcontractOrderController.detail:81-84先授权读后记查看；V670:473-481登记委外业务表，精确权益流水另自身记录而非恢复全表噪音","已追链(未运行):MasterReferenceCatalog:108-123含申请/询价/订货/回厂/退回/损耗/发退料；变更供应商/单位/材料不可绕过在途和归属引用","已追链(未运行):subcontract_doc_edit_page:93/380/729-742保存前后有Submission和创建checkpoint；批出库逐单首错停，恢复只办理未确认项","已追链(未运行):SubcontractReportService.receiptDetail:242-309读取回厂明细并扣已审退回，汇总:315-344默认已审；损耗/未回/贷项需与来源账分别对账","源码仍大型SubcontractMaterialPlanService；职责与批量查询需R6.01","候选归档须排除未回厂/在途/损耗未结及精确权益引用(R4/R5)","R0静态入口/守卫/写入或回执链已定位，未进行本轮业务运行验收；找到实现不等于所有调用覆盖。旧239基线d1bbfb7f，候选V761未验收；完整路径、公共根因包和12链合同见14。"
"物料分析与BOM","R1.07 / R3.01 / R6.01","部分解决:ADR129有效BOM用量视图已有；ATP/预算/齐套合同待等价验证(10:dup-backend-split-05)","源码已有冻结边/分析节点/聚合来源；不能以优化为由删除MAKE权益反向链","已证实:bumpFingerprint仍无条件version+1(MaterialAnalysisService:4793-4805)，调用语义待核","源码已有命令键/聚合批次；预览现在只读，不应强加写幂等账(R1.01)","待运行:借调/公共供给/追加/取消/红冲精确来源(R3.01)","已追链(未运行):MaterialAnalysisService:157-259、483/596/662/736写操作经scopeForAnalysis，:4390-4435读经同一maker scope；预览/聚合/派生子任务仍需HTTP越权负向","源码已有原树与聚合办理合同；前端提示估算不作最终提交真源","源码已有COLUMN_SCOPED人工列审计；派生列不恢复全量审计(V670)","源码已有MasterReferenceGuard及BOM批粘贴/批删除；需并发主档变更回归","部分覆盖:输入保护/单飞预览/稳定行键已有，15个part共享State仍待拆","待运行:三个桶/徽章/履约数量与库事实一致(R7.02)","已证实:45秒详情轮询、全AnalysisView响应、同步refresh仍在；SQL量需当前实测","当前合同缺口:分析锚点被计划/预留/借调/MAKE与公共供给反向引用，完成不等于可搬走；V670只限制审计派生列，不是业务删除授权；R5需依赖闭包和可逆归档","R0静态入口/守卫/写入或回执链已定位，未进行本轮业务运行验收；找到实现不等于所有调用覆盖。旧239基线d1bbfb7f，候选V761未验收；完整路径、公共根因包和12链合同见14。"
"生产计划车间日报直送","R1.03 / R2 / R3","源码已有实际产出分账/公共超产(ADR118)；日报封顶跨多执行段仍拒绝(:1167/1318)","源码已有日报target_events/耗料来源/直送块，合单试验已撤回(09:E03)","源码已有履约xmin预锁；日报审核所见版本/总截止待R1.01","源码已有日报稳定键+失败权威重读(09:E01)，本轮尚未运行","已证实缺口:跨多执行段封顶/红冲合同待实现(R3.01/R1.03)","已追链(未运行):ProductionDailyReportService:170-183读scope，:323-335编辑、:377-404审核、:551-562红冲动作码+范围；直送资格/接收工单须独立守卫","源码已有直送资格单一源(ADR127)；岗位权/车间范围需端到端回归","已追链(未运行):日报耗料释放和target_events记录CAP/反向归属，公共写审计保留actor/request；V670:490-498登记计划/日报/FQC，人为决定与派生分开","源码已有计划/BOM/物料引用目录；新增整批领料/重量/成本引用需核","源码已有日报权威重读和本地草稿，提交超时结果未知需总截止配合","已追链(未运行):ProductionPlanService:1356-1414按plannedInbound/target显示进度、公共超产单列；Workbench:471/693-728读执行物料事实，需与日报/FQC/成品流水及徽章同源对账","部分优化:逐块局部复用/成本待刷新已有；通用库存权益内核重复工作仍需R1.03","当前合同缺口:日报→直送/成品→价值/销售来源不可仅按日期迁走；跨多段封顶反向尚有限制，R5必须先证明回溯读/逆操作依赖及期初快照","R0静态入口/守卫/写入或回执链已定位，未进行本轮业务运行验收；找到实现不等于所有调用覆盖。旧239基线d1bbfb7f，候选V761未验收；完整路径、公共根因包和12链合同见14。"
"仓库库存重量与价值","R1.04-R1.07 / R3","源码已有同事务流水+stock_balances qty/amount/weight(StockService:306-312)，不重造余额","源码已有movement成本引用、价值节点、重量来源；不得删来源图压缩账","部分解决:lockAll/预锁xmin已有，主仓咨询锁和部分重复图SQL仍在","生产普通/物料明确批出库不同回放覆盖；R1.04逐动作冻结","源码已有反向流水/价值与重量镜像；漂移只告警不自动改账","待运行:仓库可见范围/我的仓库/业务动作/来源对象交叉矩阵(R6.02)","源码已有标准/导入生命周期能力；库存linked单据需专属守卫回归","源码已有审计三清单，流水自身事实保留；不得恢复派生噪音全审","源码已有按需单位引用锁(V675)和主档引用目录，需改单位并发验证","已追链(未运行):stock_doc_edit_page:96/567/828-840有FormDraftMixin、创建checkpoint、完成；盘点账面读取未完成时禁止保存(:734-745)，恢复不得把本地行当正式删除","源码已有日余额-全流水核对；有界增量+周期全量待R3.03","已证实:批出库重复detail/图锁、库存逐笔估值仍需优化(09:E08)","流水归档须保留期初/查询/反向引用与对账覆盖；尚未实现统一政策","R0静态入口/守卫/写入或回执链已定位，未进行本轮业务运行验收；找到实现不等于所有调用覆盖。旧239基线d1bbfb7f，候选V761未验收；完整路径、公共根因包和12链合同见14。"
"品质FQC与IQC","R1.02 / R1.06 / R3","源码已有passEvent/合格待入库/先入后检不同事实；不得跨合同合批","源码已有质量决定到点收/IQC入库来源；混合来源及反向需回归","源码已有决定锁/状态守卫；所见版本及外层deadline待R1.01","源码已有passAll末尾单详情和IQC入库幂等；逐行办理部分成功需保留","待运行:品质反向与库存/权益/应付/坏料来源一致(R1.02/R1.06)","已追链(未运行):FqcInspectionService.decide/passAll:546-574需view+决定权且requireQualityPool；detail:541/1523按报告归属；IQC controller:37-71另按VIEW/办理权，不能用超管验收","源码已有普通/先入后检资格；角色与金额权限需多账号回归","已追链(未运行):质量决定关联报告/inspection/passEvent/stockInBatch，V670:490-498登记FQC与质检业务表，普通/自动点收仍需实际actor和批回执核验","已追链(未运行):质量行承接原单goods/color/unit及仓库，不生成另一主档来源；Catalog覆盖源采购/委外/生产，新增质检事实外键须最终catalog回归","已追链(未运行):production_fqc_handling_page:276/1023接草稿，_load(preserveInput)及成功后清输入；逐行提交保留前成功，passAll走独立原子回执(09:E05)","已追链(未运行):FQC list/summary按工作池；IQC库存读passed/stocked计数(StockQueryService:461-470)。合格/待点收/已入库不能相加重复；先入后检须对照实物和权益状态","已证实:FQC自动点收未共享既有批点收上下文，IQC仍逐单与逐行结案(09:E04-E06)","当前合同缺口:质量证据同时影响供应商贷项、库存可用、FQC补产和售后；按相关正式单据最长保全期，不按普通日志36月DROP；原件与决定版本一同恢复","R0静态入口/守卫/写入或回执链已定位，未进行本轮业务运行验收；找到实现不等于所有调用覆盖。旧239基线d1bbfb7f，候选V761未验收；完整路径、公共根因包和12链合同见14。"
"财务资金应收应付总账","R3 / R4 / R6.02","源码已有MoneyPolicy/FinancialExactAmount、AccountFlowLedgerService，DTO精确文本未全覆盖","源码已有GL来源/ARAP账；期间重建与实时过账同事实等价待R3.02","待逐单所见版本/期间锁/反审租约核验(R1.01/R3.02)","待运行:财务审核/付款/核销/重建重试不重记，不能由Outbox防重替代","待运行:原币/本币/累计尾差、核销/抵销/跨期红冲恢复(R3.02)","源码已知:ARAP需view+finance:view:all；其余账户/客户来源范围需核","源码已有财审view/approve/reject/reverse拆码；真实HTTP负向待验","源码已有自动写和关键语义事件；财务证据不能跟普通日志36月DROP","已追链(未运行):账户AccountService:421-426限制已有货币/历史金额字段及停用；PaymentStyleService.delete:288-293明确只禁用不直删；不能把7类MasterCatalog误当覆盖全部科目/币种","已追链(未运行):finance_doc_edit_page:100/553/1160-1171接草稿与创建checkpoint；ARAP导入(:591)须在提交时重校未结和金额，不能仅恢复旧可用额度","部分解决:工资/折旧绑定已接、num拒绝非法/浮点；所有报表与账事实对账待R3.02","已追链(未运行):GlPostingService按期间多来源重建，GlReportService:400-406科目/工资/折旧分组批读；长报表MV15分钟独立期限，不得借此放宽在线财务命令","待制定会计档案类别/起算/未了事项冻结，不能按ERP表名统一删除","R0静态入口/守卫/写入或回执链已定位，未进行本轮业务运行验收；找到实现不等于所有调用覆盖。旧239基线d1bbfb7f，候选V761未验收；完整路径、公共根因包和12链合同见14。"
"费用报销资产工资","R3.02 / R6.02-R6.03","部分定位:GL报表读审核工资/折旧；计提与发放/报销付款合同仍需本域专项","待核验:报销票据/资产折旧来源/工资批次与GL对应(R0.03/R3.02)","待核验:提交快照、审核版本、期间锁与离职影响(R6.02)","待核验:批审核/计提/发放/付款重复与超时恢复(R1.01)","待核验:折旧/摊销重建、工资撤审/冲回、报销付款冲销(R3.02)","源码已有高危凭据发放门禁；工资金额/人事范围需专项HTTP","待核验:审批职责分离/认领/付款/锁期及代操作矩阵","待核验:个人/薪资金额脱敏、审批决定与原票据保留(R6.03)","待核验:人员/部门/账户/科目/资产引用目录和离职交接","源码公共草稿机制存在，不能据此认证本域表单接入；待R2.05","源码已有报表工资/折旧来源绑定；计提入账与表单金额对账待R3.02","已追链(未运行):PayrollService生成先批读取输入(:248)后逐员工/项目(:275/298)，发布一次数量必须等headcount(:392-394)；批次规模/薪资解密/报销票据预览按资源预算压测","已追链(未运行):报销delete仅本人DRAFT且无未DELETED附件(ExpenseClaimService:681-696)，随后硬删草稿明细/头；正式审批快照/工资/资产事实不能等同草稿销毁，R4补分级和取回","R0静态入口/守卫/写入或回执链已定位，未进行本轮业务运行验收；找到实现不等于所有调用覆盖。旧239基线d1bbfb7f，候选V761未验收；完整路径、公共根因包和12链合同见14。"
"基础资料与组织人事","R2 / R6.02","源码已有单位基准锁、BOM有效用量；组织属性与业务快照分离合同待核","源码已有MasterReferenceCatalog/Guard，历史引用不得硬删","源码已有主档版本/批命令；所有新主档入口与分类并发待回归","待运行:批建/批状态/删除/粘贴与导入重试防重(R6.02)","待核验:停用/复职/移交/主档合并不抹去历史来源(R6.02)","源码已有DocumentAccessPolicy/凭据发放策略；人事私密字段仍需岗位负向测试","源码已有批生命周期服务，引用阻断中文说明；用户可见按钮等价待验","源码已有账号事件/权限added-removed和脱敏操作人；所有主档写覆盖待验","源码确认:Catalog+Guard及覆盖测试；最新表/列登记需最终catalog回归","源码FormDraftMixin存在，人员敏感草稿身份/退出清理待专项","已追链(未运行):主档list/lookup状态与批生命周期同源；AccountService:273-288余额汇总受account:balance:view限制；人员离职/兼职/归属变化必须同步列表/徽章/授权快照","已追链(未运行):MasterLifecycle批API代替逐条往返、MasterReferenceGuard以Catalog分支查阻断；大BOM/大量历史引用需按实际FK/索引计划测，不能以批接口存在宣称快","当前合同:被历史业务/编号/人员审计引用的主档保留身份，优先停用；新增物理删除需无活动/历史保全依赖证明。DB备份覆盖记录，人员敏感资料访问和保留另登记","R0静态入口/守卫/写入或回执链已定位，未进行本轮业务运行验收；找到实现不等于所有调用覆盖。旧239基线d1bbfb7f，候选V761未验收；完整路径、公共根因包和12链合同见14。"
"研发任务建议访客官网询盘","R2 / R4 / R6.02-R6.03","已追链(未运行):研发统计rd_tasks OPEN/IN_PROGRESS(:140-153)；建议赞/回复读关联表且reply终态不可倒退(:225-255)；访客申请状态/签到事实；询盘estimatedQuantity为线索文本，不混入库存/订单金额","已追链(未运行):RdTaskService SELECT保留source_doc_type/id/no和order_item；Suggestion submit保留提交者快照/匿名标记；WebsiteInquiry.sourceId唯一且转客户保留clientId；访客approval_step记录决策主体","已追链(未运行):RD resolve用row_version CAS(:166-176)，建议reply悲观锁(:232)，访客loadForUpdate防重复；询盘update/convert普通findById且无@Version，双转客户风险列N-R0-01待并发证明","询盘服务接入已有来源契约，任务/建议批动作需专项测试(R1.01)","已追链(未运行):建议终态只补回复不回退/重复通知，RD以DONE关闭并发事件；访客拒绝/拉黑有步骤，hostConfirm拒绝已批准/签到/拒绝/取消状态；未定位取消命令，不宣称已有撤销能力；询盘converted不再改状态，重复串行转返回原客户(:98-124)","访客独立关键词接待人目录+限流已源码确认；研发/建议/询盘对象范围本轮未深入","询盘ingest强度/失败IP限流已确认；内部办理权限/指派/建议关闭待验证","待逐动作核验:公开访客噪音与内部审批/敏感查看分级","待核验:接待人/指派人离职、客户转换、附件归属(R6.02)","已追链(未运行):suggestion_new_page:31/78接本机草稿；RD为关闭动作无新建草稿需求；访客申请恢复需按账户身份，询盘转客户未知结果先重读sourceId/clientId，不盲重建","已追链(未运行):RD counts=OPEN+IN_PROGRESS且get未删；建议匿名展示与真实actor分离；访客host列表默认hostReviewing、HR默认pending+hostReviewing；询盘new统计不可包含已转客户","已追链(未运行):RD/询盘分页、访客关键词限流与未读通知旁路已有；建议详情赞/回复计数和询盘并发转换需测，不按ERP主链SQL预算等量假设","待分用途制定访客资料、建议附件、询盘/研发成果留存；不与业务单据统一年限","R0静态入口/守卫/写入或回执链已定位，未进行本轮业务运行验收；找到实现不等于所有调用覆盖。旧239基线d1bbfb7f，候选V761未验收；完整路径、公共根因包和12链合同见14。"
"通知工作台权限设置审计","R1.01 / R2.03 / R4 / R6.03","源码已有WorkbenchBadgeCatalog单一计数目录；数字=列表=库事实仍待验","源码已有Outbox dedupe/事件来源与verified actor/onBehalfOf","源码已有会话auth_version/epoch和权限差量；设置并发/生效待逐项核","源码已有Outbox事务发布/消费防重；成功行直接删除会丢dedupe","源码已有通知办结/撤回、会话吊销；失败/死信重放操作需单独合同","源码已有grant_policy、服务端会话、step-up；全入口覆盖待HTTP","源码已有hub子卡并集、拆分权限码；新表格权限面需目录回归","源码已有三清单、变化键、月分区、追加权限、完成事件","权限码/surface/部门/员工引用按新目录回归；旧角色表已退役","源码已有会话快照重试与通知游标；身份切换/离线只读待验","待运行:staleSources降级、徽章合计与列表对象范围一致","候选未运行:ServerStatusProbe:376-400已补status2与WARNING；V760部分索引未证明落库。徽章固定60秒未接设置仍待W09。","已证实缺口:审计6+30月后DROP无外部归档验收/冻结；技术表缺统一留存","基线d1bbfb7f，仅静态能力定位；未填能力仍待逐入口核验。公共机制存在不证明该域全部接入；不把13环境/隔离恢复推广成全业务或公司验收。证据简称见14。"
"附件AI导入学习后台任务","R2.06 / R4 / R6.03","原始文件字节/sha权威，AI建议不作余额/金额事实；业务确认派生字段待链核","源码已有provider/key/version及私有文档引用视图，未知provider失败关闭","源码已有上传session/扫描/原子发布/精确版本删除，竞争回归待运行","源码已有对象删除Outbox dedupe与AI学习回执，跨中断/重试待验","已证实:人工DELETE_PENDING后即物理删，无统一回收宽限(R4)","源码已有owner policy上传/下载/管理，扫描与代操作证据需回归","源码已有CLEAN/SCANNING等生命周期；不能绕过扫描恢复下载","源码已有上传/下载actor归属；AI技术日志和正式证据须分开留存","源码已有普通附件+报价模板+成本导入私有原件统一引用检查","源码已有pending附件会话/过期暂存/对象worker重试，前端创建断点需回归","已追链(未运行):AttachmentReconciliationService.listOpen:95-105读取OBSERVED/APPROVED/QUEUED；AI findForUser:157及countActive:94-110按主体/状态。页面数量需分别对上传session、扫描、删除Outbox、AI终态校验，不把过期结果当任务不存在","源码已有按收益无损GZIP、Office缓存；大文件/并发扫描内存与I/O待R7.03","v2配套备份已含私有原件；13隔离恢复非公司安装验收；AI48h/7d/180d需政策复核","R0静态入口/守卫/写入或回执链已定位，未进行本轮业务运行验收；找到实现不等于所有调用覆盖。旧239基线d1bbfb7f，候选V761未验收；完整路径、公共根因包和12链合同见14。"
"官网CMS及发布恢复","R6.04 / R7.04","本域为网站内容/询盘/媒体状态，非ERP库存账；CMS规则待独立核验","源码已有WebsiteMediaObject ledger与schema契约，旧README NO-GO叙述过期","源码有签名工件schema/媒体绑定，实际激活/旧标签行为待验","源码有paired snapshot/发布身份；故障重入需独立官网演练","源码有SQLite+uploads配套备份恢复；不得把ERP恢复证据当官网通过","待核验:CMS授权/匿名上传读取/询盘推送边界(R6.04)","已追链(未运行):website/app/admin/actions.ts:178-179要求admin；产品发布校验series/defaultVariant(:478-507)，删产品须未发布且事务条件deleteMany(:627-641)，系列删同样检查(:926-936)","待核验:CMS修改/发布/恢复回执和个人信息最小留存","源码媒体ledger核COMMITTED文件与业务引用；删除/恢复交叉需实测","已追链(未运行):CMS server action返回表单错误、保存以Prisma事务处理产品/变体；不是ERP FormDraftMixin。上传以fsync+精确文件摘要发布；浏览器未保存草稿和写入丢响应需单独产品合同，不假称已有","已追链(未运行):public catalog应只投影published系列/产品/变体，后台可含未发布；paired_state:574-626核COMMITTED媒体与业务引用。验收以匿名页面/后台/DB媒体账和文件hash四方一致","待官网负载/OOM/上传/备份竞争，ERP性能证据不适用","源码append-only restic及独立retention授权存在；真机异机/WORM/恢复尚未本轮证明","R0静态入口/守卫/写入或回执链已定位，未进行本轮业务运行验收；找到实现不等于所有调用覆盖。旧239基线d1bbfb7f，候选V761未验收；完整路径、公共根因包和12链合同见14。"
"迁移旧库导入运维发布","R0.05 / R6.05 / R7","隔离恢复数量/金额基线见13；老库全量导入与当前schema等价仍需R6.05","源码旧库UUID/legacy来源与私有原件清单需保留；不改已应用Flyway字节","环境和worktree/source/server差异已分开记录13；新基线需结构指纹与候选冻结","待运行:bootstrap重复/失败重入、发布恢复和迁移锁合同(R6.05/R7.05)","13已有隔离恢复及原件hash证据；公司部署/恢复尚不等价","维护角色/运行角色/备份写与删除权分离按现场只读事实+演练核验","部署/数据销毁必须有精确候选/恢复/批准门禁，不按历史文档直接执行","需要每次迁移/归档/销毁/恢复回执；旧备份目录不当垃圾","旧库stub/BOM/单位/颜色引用与最终目录完整性待bootstrap终检","已追链(未运行):paired_internal_backup.py:454-516发布成功指针前完整dump/原件清单校验，.incomplete为失败证据；迁移bootstrap状态不可仅以SUCCESS判PASSED；部署恢复按候选SHA/迁移头/配套原件重入，不借表单草稿恢复","待运行:老库完整数量金额与业务可查/当前筛选一致(R6.05)","测试/备份资源隔离已有配置；多年导入和业务竞争需R7.03","保留期依赖WAL/原件/快照完整链；同机副本不等于异机灾备","R0静态入口/守卫/写入或回执链已定位，未进行本轮业务运行验收；找到实现不等于所有调用覆盖。旧239基线d1bbfb7f，候选V761未验收；完整路径、公共根因包和12链合同见14。"
