"复核ID","类型","关联原ID","历史内容","当前裁决","承接","当前证据及处理","状态"
"CR-G01","原评审gap（含总述）","","总述: 13 个维度对「慢在哪」(物料分析/仓库品质/生产执行的锁、审计、延迟触发器)、权限元数据、审计噪音、死代码、文档都挖得很深, 大部分结论能在代码和克隆库里复现。明显的缺口有四块。(1) 所有性能数字都是在玩具数据上测的, 「大数据量下响应快」这一条实际没人验证过。(2) 没人看端到端的超时和背压: 数据库、事务、连接池都没有任何超时, 请求超过客户端 45s 就会出现「界面报失败、实际已提交」。(3) 报表口径的正确性只查了舍入, 没查报表和业务事实是否一致, 总账/经营损益表里人工和折旧这几行是硬编码 NULL。(4) 表合并只盯了噪音表, 没看采购/委外这 7 对几乎同构的核心单据表。另外, 有几条发现的前提需要修正, 比如「同一提交一起发版, 所以兼容兜底走不到」对已经打开的浏览器标签页不成立。最该先做的 3 件事: ① 统一服务端截止时间(lock_timeout/statement_timeout/事务超时都比客户端 45s 短, 全局 advisory 锁改成限时尝试, 等不到就返回可重试的 409); ② 用 legacy bootstrap 灌一份真实量级的 perf 库, 给 Top 30 端点建 EXPLAIN 和计时基线, 之后每项整改都拿它对比; ③ 修掉财务报表与工资、折旧事实脱节的问题, 同时建立「徽章/列表/报表 vs SQL 事实」的对账测试, 作为「业务链路不撒谎」的收尾验收。","部分解决(仅源码核验)","W01/W02/W03/W07/W15/W22；R0.03 / R1.01 / R3 / R6.01 / R7.02-R7.03","截止时间、报表工资折旧映射已有修复；真实量级、UI事实对账、表结构统一仍需专门验收。 | server/src/main/resources/application.yml:36-42; server/src/main/java/com/uten/imp/features/finance/gl/GlReportService.java:400-406,562-598; 10:overhaul-gap-01/02/03/04 | 基线d1bbfb7f，仅源码及文档核对，未运行本轮行为/规模/恢复验证","复核中"
"CR-G02","原评审gap（含总述）","","【大数据量未覆盖】所有 perf 维度都在克隆库上测(实测 goods=138, sales_orders=1, stock_documents=0, purchase_orders=0, production_plans=16), 而旧库量级是 3.5 万货品、10,653 张销售订单、StockGoods 45 万行、CostItem 1,359,875 行(server/legacy_migration/README.md:55; docs 多处)。所以 13 个维度里没有一个结论经过真实量级验证, 见补查 overhaul-gap-02。","需运行证实","R0.07 / R7.03；W22验证条件","旧玩具库规模不是当前数据基线；本轮尚未进行多年数据/混合并发试验，禁止把现库319MB等同足量压力覆盖。 | server/src/test/java/com/uten/imp/migration/LegacyBootstrapCoordinatorPostgresTest.java; 13-R0环境与恢复基线.md; R0.05-R0.07/R7.03 | 基线d1bbfb7f，仅源码及文档核对，未运行本轮行为/规模/恢复验证","复核中"
"CR-G03","原评审gap（含总述）","","【端到端超时/背压/连接池未覆盖】DB 侧 statement_timeout/lock_timeout/idle_in_transaction_session_timeout 全是 0, 70 处阻塞式 pg_advisory_xact_lock, Hikari 连接池 20, 客户端 45s 就放弃。各维度都说「锁串行导致排队」, 但没人指出排队没有上限、会占满连接池、超时后前端误报失败, 见 overhaul-gap-01。","部分解决(仅源码核验)","W01/W19；R1.01 / R1.08","数据库与事务截止时间已配置，端到端总截止、部署参数与连接池背压仍待运行。 | server/src/main/resources/application.yml:36-42; server/src/main/java/com/uten/imp/common/web/GlobalExceptionHandler.java:189-196 | 基线d1bbfb7f，仅源码及文档核对，未运行本轮行为/规模/恢复验证","复核中"
"CR-G04","原评审gap（含总述）","","【报表口径正确性覆盖浅】correctness-stability 只查了金额舍入和分摊; 6 张报表页、总账附表、物化视图的数值有没有和单据事实对账, 没有任何维度核对。已发现总账/经营损益表的人工和折旧行硬编码 NULL, 见 overhaul-gap-03。","部分解决(仅源码核验)","W03/W22；R3.02 / R7.02","人工/折旧已接绑定表及审核工资/折旧事实；全报表与正式账对账及工资计提边界仍需冻结验收。 | server/src/main/java/com/uten/imp/features/finance/gl/GlReportService.java:400-406,461-471,562-598 | 基线d1bbfb7f，仅源码及文档核对，未运行本轮行为/规模/恢复验证","复核中"
"CR-G05","原评审gap（含总述）","","【表合并只看了噪音表】db-schema 的合并建议只覆盖编号预留、计数表、hr_task_claims; 采购/委外 7 对核心单据表列重合 85-95%, 下游 26 张 procurement_* 表已经按 order_type 统一, 却只能做无外键的多态引用。这是 dup-backend-10 / dup-frontend-05 代码镜像的根因, 见 overhaul-gap-04。","部分解决(仅源码核验)","W15；R6.01 / R6.05","采购委外仍保持不同核心单据，不能由列相似就裁定必须合表；先完成差异合同、旧库迁移和外键方案评估。 | server/src/main/java/com/uten/imp/features/purchase/order/PurchaseOrderService.java; server/src/main/java/com/uten/imp/features/subcontract/order/SubcontractOrderService.java; 03:tables(历史建议) | 基线d1bbfb7f，仅源码及文档核对，未运行本轮行为/规模/恢复验证","复核中"
"CR-G06","原评审gap（含总述）","","【系统设置改值后生效只查了 system_settings 表】影响业务口径的开关在 yml/env 里, 系统设置页改不了, 改了要重启, 也没有审计: application.yml:92 posted-workflows-enabled、:98 manager-permission-delegation-enabled、:101 goods-owner-scope-enabled(注释写着「代码保留」)、:104 和 application-prod.yml:41 business-data-reset-enabled。建议登记进统一设置目录, 或者干脆删掉对应的死分支。","部分解决(仅源码核验)","W09；R6.03","SystemSettingKey单一登记已有；特性门禁仍属于部署配置，不能一律迁入任意可改的业务设置；各项生效方式逐项验收。 | server/src/main/java/com/uten/imp/features/admin/systemsetting/SystemSettingKey.java; server/src/main/resources/application.yml; R0.04/R6.03 | 基线d1bbfb7f，仅源码及文档核对，未运行本轮行为/规模/恢复验证","复核中"
"CR-G07","原评审gap（含总述）","","【「业务链路撒谎」缺少 UI 层一致性核对】correctness-10 讲的是测试里的不变量终检, permissions-04 讲的是测试绕过守卫。没有维度系统核对「红/黄徽章数 = 列表行数 = 库内事实」「状态文案 = 实际状态」「报表合计 = 单据合计」。建议整改收尾时加一组全链路 E2E: 切账号后逐个徽章打开对应列表比对行数, 并用 SQL 直接核对事实。","需运行证实","W08/W22；R2.01 / R7.02","统一徽章与服务端动作资格已有，但徽章=列表=库事实、状态=动作、报表=账事实尚需多账号全链验证。 | server/src/main/java/com/uten/imp/features/workbench/badge/WorkbenchBadgeService.java:167-192; 11跨模块矩阵; R7.02 | 基线d1bbfb7f，仅源码及文档核对，未运行本轮行为/规模/恢复验证","复核中"
"CR-G08","原评审gap（含总述）","","【可观测性】500 错误在 audit_log 里只有 status 和 result=failure, 没有异常类和错误码; 响应不带请求号; 没有 5xx 率和慢请求告警。整改期间回归无从定位, 见 overhaul-gap-07。","部分解决(仅源码核验)","W09/W17；R2.05 / R4.03 / R6.03","已有服务器指标和异常分类，但错误编号贯通、路由延迟与错误率告警须逐端点验证；Outbox死信缺口已实证。 | server/src/main/java/com/uten/imp/common/web/GlobalExceptionHandler.java:286,330-334; server/src/main/java/com/uten/imp/features/admin/serverstatus/ServerStatusProbe.java:369-395 | 基线d1bbfb7f，仅源码及文档核对，未运行本轮行为/规模/恢复验证 | 候选V760(未运行未安装):ServerStatusProbe已补死信数量及WARNING，部分索引只覆盖status2；不代表监控/告警运行已验收。","复核中"
"CR-G09","原评审gap（含总述）","","【测试安全网与整改顺序】CI 的 backend-db 全量套件约 1.5 小时(.github/workflows/quality.yml:41-46 注释); 302 个测试解析迁移 SQL 文本(db-schema-18), 46 个测试读源码文本(dup-backend)。表合并、拆巨型类、改审计触发器都会让它们成片变红, 各维度没给出「先改测试形态再动代码」的顺序和工作量, 建议整改计划第一步就处理。","当前仍存(仅源码核验)","W21/W22；R6.05 / R7.01-R7.02","测试仍含迁移SQL/源码合同与长全链套件；不应一律删除静态守卫，需先选行为/最终catalog证明再收缩脆弱文本断言。 | server/src/test/java/com/uten/imp/migration/AuditTriggerCoverageMigrationContractTest.java; server/src/test/java/com/uten/imp/migration/LegacyBootstrapCoordinatorPostgresTest.java; R6.05/R7.01 | 基线d1bbfb7f，仅源码及文档核对，未运行本轮行为/规模/恢复验证","复核中"
"CR-G10","原评审gap（含总述）","","【重复发现需合并, 避免重复排工】预锁足迹 md5: perf-material-analysis-05 / perf-warehouse-quality-01 / perf-production-exec-05; 行级审计: db-schema-01/03 / audit-retention-settings-01 / perf-warehouse-quality-08 / perf-production-exec-11; 延迟约束触发器: db-schema-06 / perf-warehouse-quality-06 / perf-production-exec-02; 回滚式预览: perf-material-analysis-01/02 / perf-frontend-11 / correctness-stability-08; 单位锁: db-schema-13 / perf-warehouse-quality-13; tx.bind: perf-material-analysis-17 / perf-warehouse-quality-12 / dup-backend-split-15; 徽章轮询: perf-frontend-01 / perf-production-exec-09 / permissions-08(计数口径 41 个定时器 vs 36 个端点不一致, 需统一); 旧 MRP 入口: dead-code-files-05 / dup-backend-split-14 / security-07; 会话吊销: audit-retention-settings-02 / security-09; 访客枚举员工: permissions-13 / security-08; 空写: db-schema-05 / perf-warehouse-quality-07 / perf-material-analysis-10; 其它表清理: db-schema-10 / audit-retention-settings-08; 请求审计降噪: db-schema-09 / audit-retention-settings-04 / security-11; Flyway 基线: dead-code-files-08 / db-schema-18; 物料分析巨型 State: dup-frontend-split-13 / perf-frontend-12; 客户端复刻算法: dup-backend-split-25 / correctness-stability-15 / perf-frontend-11。","已有修复待回归","W20/W22；R6.07","239ID已保留并按公共根因共同承接，仍需逐ID运行/不采用裁决闭环，禁止将重复项删除以降低分母。 | 10-历史239项复核台账.csv; 14-R0全平台现状复核.md:分类规则 | 基线d1bbfb7f，仅源码及文档核对，未运行本轮行为/规模/恢复验证","复核中"
"CR-S01","原发现质疑","dead-code-files-03","前提「前后端同一提交一起发版, 兜底走不到」对已打开的浏览器标签页不成立: lib 里没有任何 version.json 或新版本检测, 服务端只把 appBuild 放在 X-Uten-Audit-Context 里记审计(AuditDeviceContext.java:30), 不做校验; Web 会话存在 sessionStorage, 发版后旧标签页继续调新接口。删兼容兜底的方向没错, 但必须先上版本握手(overhaul-gap-06), 否则旧标签页会直接出错或误算。correctness-stability-11 同理。","部分解决(仅源码核验)","W18；R1.01 / R6.06","已存在version.json更新检测，旧标签页仍可能运行旧JS；未证明服务端有强制写入版本合同，不能以同提交发布理由直接删兼容。 | web/update_check.js:17; server/src/main/java/com/uten/imp/common/concurrency/OptimisticLocks.java:18-27; 10:overhaul-gap-06 | 基线d1bbfb7f，仅源码及文档核对，未运行本轮行为/规模/恢复验证","复核中"
"CR-S02","原发现质疑","correctness-stability-11","同 dead-code-files-03: 「旧服务端回退」确实没有存在价值, 但「旧客户端兼容」在没有版本握手时, 对发版瞬间仍打开的标签页是会走到的。整改要和版本握手绑定, 不能单独删。","部分解决(仅源码核验)","W18；R1.01 / R6.06","同CR-S01，按当前DTO必要字段、版本合同和浏览器更新恢复逐条退役兼容；不能把所有回退一刀切。 | web/update_check.js:17; lib/features/sales/models/sales_doc.dart; R1.01/R6.06 | 基线d1bbfb7f，仅源码及文档核对，未运行本轮行为/规模/恢复验证","复核中"
"CR-S03","原发现质疑","dead-code-files-04","范围需要修正: 「计量学习从未接入、全是空表」不完整。legacy 全量迁移路径仍会调用 migrate_measurement_profiles (server/legacy_migration/migrate.sh:1051-1053、1254), 往 legacy_measurement_exceptions / legacy_measurement_profile_snapshots / measurement_capture_profiles 写数据 (migrate_measurement_profiles.sql:173, 397, 447); 克隆库 legacy_measurement_source_registry 有 31 行。删功能时要同时删 legacy 步骤、bootstrap fixture 和 LegacyBootstrapCoordinatorPostgresTest 里的相应断言。","旧结论不成立","R6.06；旧删除建议不执行，ADR135真实能力回归","旧计量学习已被ADR135仓库重量账/单重学习重构；删除范围必须按现有重量服务和V743逐对象核对，不能删除仍使用的学习能力。 | server/src/main/resources/db/migration/V743__warehouse_weight_ledger_and_learning.sql:857; docs/99-决策记录-ADR/ADR-135-仓库重量账与单重自学习.md; server/src/main/java/com/uten/imp/features/stock/weight | 基线d1bbfb7f，仅源码及文档核对，未运行本轮行为/规模/恢复验证","复核中"
"CR-S04","原发现质疑","dead-code-files-09","「没有前端入口的端点」不全是死代码。附件对账 GET /reconciliation/findings 和 POST /reconciliation/findings/{id}/approve-delete (AttachmentController.java:118, 124) 背后是每小时跑一次的 AttachmentReconciliationService (@Scheduled, :43)。它产生的孤儿对象必须人工批准才会删除, 可前端没有页面(lib 里 grep 不到 reconciliation/findings), 结果是孤儿附件永远清不掉。这一项应该补界面或改成自动策略, 不是删除。其余端点也要先对照 deploy/ 脚本和 website 确认没有调用方。","当前仍存(仅源码核验)","W17；R4.05 / R4.07","附件对账是小时调度的孤儿发现/人工批准能力，不是死代码；当前未定位到完整管理页，需补可用办理与证据保留。 | server/src/main/java/com/uten/imp/features/attachment/AttachmentReconciliationService.java:43-49,95-135; server/src/main/java/com/uten/imp/features/attachment/AttachmentReconciliationApprovalTransaction.java:50-70 | 基线d1bbfb7f，仅源码及文档核对，未运行本轮行为/规模/恢复验证","复核中"
"CR-S05","原发现质疑","audit-retention-settings-06","部分证据不成立: 热区保留期是 6 个月, 数据最早才到 08-30, 归档表为空本来就是正常结果, 不能用来说明清理没在跑。成立的部分是: 成功时只写 log.info, 不留持久痕迹(AuditRetentionScheduler.java:188), 只有失败才写审计(:193); 另外缺少真库测试。","已有修复待回归","W17；R4.02 / R4.06","V671留存成功已有持久事件并有真库测试；归档为空仍不能说明调度没跑。当前新增外部归档/销毁门禁缺口另行整改。 | server/src/main/resources/db/migration/V671__audit_log_monthly_partitions_append_only.sql:315-335; server/src/test/java/com/uten/imp/audit/AuditRetentionPostgresTest.java | 基线d1bbfb7f，仅源码及文档核对，未运行本轮行为/规模/恢复验证","复核中"
"CR-S06","原发现质疑","security-06","这不是遗漏的缺陷, 而是用户 2026-09-12 明确拍板的测试期决定 (application-prod.yml:36-41 注释: 内网服务器 prod profile 放行清空业务数据, 上线时随 ADR-067 删除)。应该放进上线检查清单, 而不是在本轮整改里按安全缺陷修。和控制器注释 fail closed 不一致, 属于文档问题。","旧结论不成立","W08/W18；R6.02 / R7.05","测试期清空为用户已确认边界，现有专属权限/step-up；正式上线前按门禁退役，R0不自动执行清空或关闭。 | server/src/main/java/com/uten/imp/features/admin/systemtest/SystemTestController.java:31,61,92; docs/99-决策记录-ADR/ADR-110-服务端会话与敏感操作再认证.md | 基线d1bbfb7f，仅源码及文档核对，未运行本轮行为/规模/恢复验证","复核中"
"CR-S07","原发现质疑","db-schema-15","数字夸大了问题, 修法有风险: 877 个外键里有 643 个指向 users/employees/goods/clients 等主档(这些表只软删除, 基本不会硬删), 212 个是 *_by 审计列 (克隆库 pg_constraint 统计)。全补索引会进一步加重写放大, 和 db-schema-01/14 的减负目标冲突。应该只给真实热点连接列(估值图、需求、预留、计划明细)补索引。","已有修复待回归","R2.02 / R7.03；已建热点索引回归","V676已经选择热点补索引及冗余删除；不按旧877外键数量全补，需最终catalog与实际访问计划证明。 | server/src/main/resources/db/migration/V676__index_hygiene_redundant_drop_hot_fk_leading.sql; R2.02/R7.03 | 基线d1bbfb7f，仅源码及文档核对，未运行本轮行为/规模/恢复验证","复核中"
"CR-S08","原发现质疑","permissions-02","范围可能被低估, 需要复核: 克隆库有 11 个部门的权限矩阵含停用或不可分配的码(财务部 3 个不可分配、总经办 4 个、行政与人力资源部 1 个、PMC运营计划部 6 个停用等)。原发现只点了财务、总经办、人事 3 个部门, 要确认保存接口对「停用码」是过滤还是拒绝; 如果是拒绝, 受影响的就是 11 个部门。","已有修复待回归","W08；R6.02现存部门权限回归","V677已重建授权策略并迁移旧授予，当前部门矩阵按实际身份进行无变化保存与差量回归，旧3或11部门数字不作现状。 | server/src/main/resources/db/migration/V677__permission_catalog_single_source.sql:247-282,393-466; server/src/main/java/com/uten/imp/features/admin/DepartmentPermissionAdminService.java | 基线d1bbfb7f，仅源码及文档核对，未运行本轮行为/规模/恢复验证","复核中"
"CR-S09","原发现质疑","perf-frontend-01","和 perf-production-exec-09 的量化口径互相矛盾(47 个入口、约 41 个定时器 vs 36 个端点各自 60s 轮询), 引用前要统一计数方法; 结论本身成立。","旧结论不成立","R2.03 / R7.03；统一徽章当前请求量回归","现有唯一badgeSummary已替代两份旧40/36统计；R0以实际一次导航网络轨迹重建数量，不继续争论旧计数。 | lib/shared/badges/badge_summary_provider.dart:224-371; server/src/main/java/com/uten/imp/features/workbench/badge/WorkbenchBadgeController.java:13 | 基线d1bbfb7f，仅源码及文档核对，未运行本轮行为/规模/恢复验证","复核中"
