legacy_id|legacy_code|legacy_name|action|target_code|target_name|target_defective|note
132|001|仓库（14年版）|SPLIT|001|仓库（14年版）|false|唯一主仓, 只作汇总: 单据头记主仓; 库存明细与余额按货品所属子仓拆分
133|002|原材料不良仓（14年版）|KEEP|002|原材料不良仓（14年版）|true|不良品子仓
134|01|轨道车间|KEEP|01|轨道车间|false|子仓
126|C04|成品仓库|KEEP|C04|成品仓库|false|子仓
118|C0401|成品不良品仓|KEEP|C0401|成品不良品仓|true|不良品子仓
123|C01|五金仓库|MERGE|C01|五金仓库|false|老库已禁用: 不单独建行, 并入在用的五金仓库(状态取使用)
119|||DROP||||老库已删除: 不建仓; 落在这个仓上的单据与余额不迁, 写对账清单
120|||DROP||||老库已删除: 不建仓; 落在这个仓上的单据与余额不迁, 写对账清单
121|||DROP||||老库已删除: 不建仓; 落在这个仓上的单据与余额不迁, 写对账清单
124|||DROP||||老库已删除: 不建仓; 落在这个仓上的单据与余额不迁, 写对账清单
125|||DROP||||老库已删除: 不建仓; 落在这个仓上的单据与余额不迁, 写对账清单
127|||DROP||||老库已删除: 不建仓; 落在这个仓上的单据与余额不迁, 写对账清单
128|||DROP||||老库已删除: 不建仓; 落在这个仓上的单据与余额不迁, 写对账清单
129|||DROP||||老库已删除: 不建仓; 落在这个仓上的单据与余额不迁, 写对账清单
130|||DROP||||老库已删除: 不建仓; 落在这个仓上的单据与余额不迁, 写对账清单
131|||DROP||||老库已删除: 不建仓; 落在这个仓上的单据与余额不迁, 写对账清单
|||TARGET|XW01|塑胶仓库|false|新 ERP 子仓(老库没有对应仓)
|||TARGET|XW02|包材仓库|false|新 ERP 子仓(老库没有对应仓)
|||TARGET|XW03|五金车间|false|新 ERP 子仓(老库没有对应仓)
